morph_id,acronym,catalogue_no,catalogue_no_ed,institute,subspecies,sex,prefecture,municipality,locality,region,population,landform,supernumerary_teeth,missing_teeth,rotated_or_abnormaly_oriented_teeth,bone_swelling,bone_depression,bone_deformity_likely_due_to_trauma ,broken,remarks
PRI-10044,PRI,10044,10044,"Center for the Evolutionary Origins of Human Behavior, Kyoto University",fuscata,female,Aomori,Mutsu-shi,Shimokita,Shimokita,Shimokita,peninsula,,,,,,,,
PRI-10110,PRI,10110,10110,"Center for the Evolutionary Origins of Human Behavior, Kyoto University",fuscata,female,Aomori,Mutsu-shi,Shimokita,Shimokita,Shimokita,peninsula,,,,,,,,
PRI-10126,PRI,10126,10126,"Center for the Evolutionary Origins of Human Behavior, Kyoto University",fuscata,female,Aomori,Shimokita-gun Saimura,Shimokita,Shimokita,Shimokita,peninsula,,,,,,,,
PRI-10228,PRI,10228,10228,"Center for the Evolutionary Origins of Human Behavior, Kyoto University",fuscata,female,Aomori,Shimokita-gun Omamachi,Shimokita,Shimokita,Shimokita,peninsula,,,,,,,,
PRI-10635,PRI,10635,10635,"Center for the Evolutionary Origins of Human Behavior, Kyoto University",fuscata,female,Aomori,Shimokita-gun,Shimokita,Shimokita,Shimokita,peninsula,,,,,,,,
PRI-10651,PRI,10651,10651,"Center for the Evolutionary Origins of Human Behavior, Kyoto University",fuscata,female,Aomori,Mutsu-shi,Shimokita,Shimokita,Shimokita,peninsula,,,,,,,,
PRI-10652,PRI,10652,10652,"Center for the Evolutionary Origins of Human Behavior, Kyoto University",fuscata,female,Aomori,Mutsu-shi,Shimokita,Shimokita,Shimokita,peninsula,,,,,,,,
PRI-10653,PRI,10653,10653,"Center for the Evolutionary Origins of Human Behavior, Kyoto University",fuscata,female,Aomori,Mutsu-shi,Shimokita,Shimokita,Shimokita,peninsula,,,,,,,,
PRI-10658,PRI,10658,10658,"Center for the Evolutionary Origins of Human Behavior, Kyoto University",fuscata,female,Aomori,Mutsu-shi,Shimokita,Shimokita,Shimokita,peninsula,,,,,,,,
PRI-10673,PRI,10673,10673,"Center for the Evolutionary Origins of Human Behavior, Kyoto University",fuscata,female,Aomori,Shimokita-gun Saimura,Shimokita,Shimokita,Shimokita,peninsula,,,,,,,,
PRI-10674,PRI,10674,10674,"Center for the Evolutionary Origins of Human Behavior, Kyoto University",fuscata,female,Aomori,Shimokita-gun Saimura,Shimokita,Shimokita,Shimokita,peninsula,,,,,,,,
PRI-10675,PRI,10675,10675,"Center for the Evolutionary Origins of Human Behavior, Kyoto University",fuscata,female,Aomori,Shimokita-gun Omamachi,Shimokita,Shimokita,Shimokita,peninsula,,,,,,,,
PRI-10682,PRI,10682,10682,"Center for the Evolutionary Origins of Human Behavior, Kyoto University",fuscata,female,Aomori,Shimokita-gun Omamachi,Shimokita,Shimokita,Shimokita,peninsula,,,,,,,,
PRI-10684,PRI,10684,10684,"Center for the Evolutionary Origins of Human Behavior, Kyoto University",fuscata,female,Aomori,Shimokita-gun Omamachi,Shimokita,Shimokita,Shimokita,peninsula,,,,,,,,
PRI-10691,PRI,10691,10691,"Center for the Evolutionary Origins of Human Behavior, Kyoto University",fuscata,female,Aomori,Mutsu-shi,Shimokita,Shimokita,Shimokita,peninsula,,,,,,,,
PRI-10693,PRI,10693,10693,"Center for the Evolutionary Origins of Human Behavior, Kyoto University",fuscata,female,Aomori,Mutsu-shi,Shimokita,Shimokita,Shimokita,peninsula,,,,,,,,
PRI-10695,PRI,10695,10695,"Center for the Evolutionary Origins of Human Behavior, Kyoto University",fuscata,female,Aomori,Mutsu-shi,Shimokita,Shimokita,Shimokita,peninsula,,,,,,,,
PRI-10710,PRI,10710,10710,"Center for the Evolutionary Origins of Human Behavior, Kyoto University",fuscata,female,Aomori,Mutsu-shi,Shimokita,Shimokita,Shimokita,peninsula,,,,,,,,
PRI-10712,PRI,10712,10712,"Center for the Evolutionary Origins of Human Behavior, Kyoto University",fuscata,female,Aomori,Mutsu-shi,Shimokita,Shimokita,Shimokita,peninsula,,,,,,,,
PRI-10723,PRI,10723,10723,"Center for the Evolutionary Origins of Human Behavior, Kyoto University",fuscata,female,Aomori,Shimokita-gun Omamachi,Shimokita,Shimokita,Shimokita,peninsula,,,,,,,,
PRI-10724,PRI,10724,10724,"Center for the Evolutionary Origins of Human Behavior, Kyoto University",fuscata,female,Aomori,Shimokita-gun Omamachi,Shimokita,Shimokita,Shimokita,peninsula,,,,,,,,
PRI-10726,PRI,10726,10726,"Center for the Evolutionary Origins of Human Behavior, Kyoto University",fuscata,female,Aomori,Mutsu-shi,Shimokita,Shimokita,Shimokita,peninsula,,,,,,,,
PRI-10727,PRI,10727,10727,"Center for the Evolutionary Origins of Human Behavior, Kyoto University",fuscata,female,Aomori,Mutsu-shi,Shimokita,Shimokita,Shimokita,peninsula,,,,,,,,
PRI-10742,PRI,10742,10742,"Center for the Evolutionary Origins of Human Behavior, Kyoto University",fuscata,female,Aomori,Mutsu-shi,Shimokita,Shimokita,Shimokita,peninsula,,,,,,,,
PRI-10744,PRI,10744,10744,"Center for the Evolutionary Origins of Human Behavior, Kyoto University",fuscata,female,Aomori,Mutsu-shi,Shimokita,Shimokita,Shimokita,peninsula,,,,,,,,
PRI-10751,PRI,10751,10751,"Center for the Evolutionary Origins of Human Behavior, Kyoto University",fuscata,female,Aomori,Mutsu-shi,Shimokita,Shimokita,Shimokita,peninsula,,,,,,,Right zygomatic arch,
PRI-9824,PRI,9824,9824,"Center for the Evolutionary Origins of Human Behavior, Kyoto University",fuscata,female,Aomori,Shimokita-gun Saimura,Shimokita,Shimokita,Shimokita,peninsula,,,,,,,Neurocranium opened,
PRI-9825,PRI,9825,9825,"Center for the Evolutionary Origins of Human Behavior, Kyoto University",fuscata,female,Aomori,Mutsu-shi,Shimokita,Shimokita,Shimokita,peninsula,,,,,,,,
PRI-9850,PRI,9850,9850,"Center for the Evolutionary Origins of Human Behavior, Kyoto University",fuscata,female,Aomori,Shimokita-gun Saimura,Shimokita,Shimokita,Shimokita,peninsula,,,,,,,,
PRI-10045,PRI,10045,10045,"Center for the Evolutionary Origins of Human Behavior, Kyoto University",fuscata,male,Aomori,Shimokita-gun Saimura,Shimokita,Shimokita,Shimokita,peninsula,,,,,,,,
PRI-10076,PRI,10076,10076,"Center for the Evolutionary Origins of Human Behavior, Kyoto University",fuscata,male,Aomori,Shimokita-gun Kazamauramura,Shimokita,Shimokita,Shimokita,peninsula,,,,,,,,
PRI-10095,PRI,10095,10095,"Center for the Evolutionary Origins of Human Behavior, Kyoto University",fuscata,male,Aomori,Mutsu-shi,Shimokita,Shimokita,Shimokita,peninsula,,,,,,,,
PRI-10676,PRI,10676,10676,"Center for the Evolutionary Origins of Human Behavior, Kyoto University",fuscata,male,Aomori,Shimokita-gun Omamachi,Shimokita,Shimokita,Shimokita,peninsula,,,,,,,,
PRI-10678,PRI,10678,10678,"Center for the Evolutionary Origins of Human Behavior, Kyoto University",fuscata,male,Aomori,Shimokita-gun Omamachi,Shimokita,Shimokita,Shimokita,peninsula,,,,,,,,
PRI-10680,PRI,10680,10680,"Center for the Evolutionary Origins of Human Behavior, Kyoto University",fuscata,male,Aomori,Shimokita-gun Omamachi,Shimokita,Shimokita,Shimokita,peninsula,,,,,,,Right zygomatic arch,
PRI-10690,PRI,10690,10690,"Center for the Evolutionary Origins of Human Behavior, Kyoto University",fuscata,male,Aomori,Mutsu-shi,Shimokita,Shimokita,Shimokita,peninsula,,,,,,Left zygomatic arch,,
PRI-10700,PRI,10700,10700,"Center for the Evolutionary Origins of Human Behavior, Kyoto University",fuscata,male,Aomori,Shimokita-gun Saimura,Shimokita,Shimokita,Shimokita,peninsula,,,,,,,,
PRI-10702,PRI,10702,10702,"Center for the Evolutionary Origins of Human Behavior, Kyoto University",fuscata,male,Aomori,Shimokita-gun Saimura,Shimokita,Shimokita,Shimokita,peninsula,,,,,,,,
PRI-10703,PRI,10703,10703,"Center for the Evolutionary Origins of Human Behavior, Kyoto University",fuscata,male,Aomori,Shimokita-gun Saimura,Shimokita,Shimokita,Shimokita,peninsula,,,,,,,,
PRI-10704,PRI,10704,10704,"Center for the Evolutionary Origins of Human Behavior, Kyoto University",fuscata,male,Aomori,Shimokita-gun Saimura,Shimokita,Shimokita,Shimokita,peninsula,,,,,,,,
PRI-10705,PRI,10705,10705,"Center for the Evolutionary Origins of Human Behavior, Kyoto University",fuscata,male,Aomori,Shimokita-gun Saimura,Shimokita,Shimokita,Shimokita,peninsula,,,,,,,,
PRI-10711,PRI,10711,10711,"Center for the Evolutionary Origins of Human Behavior, Kyoto University",fuscata,male,Aomori,Mutsu-shi,Shimokita,Shimokita,Shimokita,peninsula,,,,,,,,
PRI-10713,PRI,10713,10713,"Center for the Evolutionary Origins of Human Behavior, Kyoto University",fuscata,male,Aomori,Shimokita-gun Omamachi,Shimokita,Shimokita,Shimokita,peninsula,,,,,,,,
PRI-10716,PRI,10716,10716,"Center for the Evolutionary Origins of Human Behavior, Kyoto University",fuscata,male,Aomori,Shimokita-gun Omamachi,Shimokita,Shimokita,Shimokita,peninsula,,,,,,,,
PRI-10722,PRI,10722,10722,"Center for the Evolutionary Origins of Human Behavior, Kyoto University",fuscata,male,Aomori,Shimokita-gun,Shimokita,Shimokita,Shimokita,peninsula,,,,,,,,
PRI-10729,PRI,10729,10729,"Center for the Evolutionary Origins of Human Behavior, Kyoto University",fuscata,male,Aomori,Mutsu-shi,Shimokita,Shimokita,Shimokita,peninsula,,,,,,,,
PRI-10731,PRI,10731,10731,"Center for the Evolutionary Origins of Human Behavior, Kyoto University",fuscata,male,Aomori,Shimokita-gun Omamachi,Shimokita,Shimokita,Shimokita,peninsula,,,,,,,,
PRI-10732,PRI,10732,10732,"Center for the Evolutionary Origins of Human Behavior, Kyoto University",fuscata,male,Aomori,Shimokita-gun,Shimokita,Shimokita,Shimokita,peninsula,,,,,,,,
PRI-10734,PRI,10734,10734,"Center for the Evolutionary Origins of Human Behavior, Kyoto University",fuscata,male,Aomori,Shimokita-gun Saimura,Shimokita,Shimokita,Shimokita,peninsula,,,,,,,,
PRI-10736,PRI,10736,10736,"Center for the Evolutionary Origins of Human Behavior, Kyoto University",fuscata,male,Aomori,Shimokita-gun Kazamauramura,Shimokita,Shimokita,Shimokita,peninsula,,,,,,,,
PRI-10737,PRI,10737,10737,"Center for the Evolutionary Origins of Human Behavior, Kyoto University",fuscata,male,Aomori,Shimokita-gun Omamachi,Shimokita,Shimokita,Shimokita,peninsula,,,,,,,,
PRI-10739,PRI,10739,10739,"Center for the Evolutionary Origins of Human Behavior, Kyoto University",fuscata,male,Aomori,Shimokita-gun Omamachi,Shimokita,Shimokita,Shimokita,peninsula,,,,,,,Right zygomatic arch,
PRI-10740,PRI,10740,10740,"Center for the Evolutionary Origins of Human Behavior, Kyoto University",fuscata,male,Aomori,Shimokita-gun Omamachi,Shimokita,Shimokita,Shimokita,peninsula,,,,,,,,
PRI-8873,PRI,8873,8873,"Center for the Evolutionary Origins of Human Behavior, Kyoto University",fuscata,male,Aomori,,Shimokita,Shimokita,Shimokita,peninsula,,,,,,Left zygomatic arch,,
PRI-8885,PRI,8885,8885,"Center for the Evolutionary Origins of Human Behavior, Kyoto University",fuscata,male,Aomori,,Shimokita,Shimokita,Shimokita,peninsula,,,,,,,,
PRI-9863,PRI,9863,9863,"Center for the Evolutionary Origins of Human Behavior, Kyoto University",fuscata,male,Aomori,Shimokita-gun Kazamauramura,Shimokita,Shimokita,Shimokita,peninsula,,,,,,,Neurocranium opened,
PRI-6242,PRI,6242,6242,"Center for the Evolutionary Origins of Human Behavior, Kyoto University",fuscata,female,Chiba,Kimitsu-shi,Boso,Boso,Boso,peninsula,,,,,,,,
PRI-6494,PRI,6494,6494,"Center for the Evolutionary Origins of Human Behavior, Kyoto University",fuscata,female,Chiba,,Boso,Boso,Boso,peninsula,,,,,,,,
PRI-6497,PRI,6497,6497,"Center for the Evolutionary Origins of Human Behavior, Kyoto University",fuscata,female,Chiba,Kimitsu-shi,Boso,Boso,Boso,peninsula,,,,,,,,
PRI-6498,PRI,6498,6498,"Center for the Evolutionary Origins of Human Behavior, Kyoto University",fuscata,male,Chiba,,Boso,Boso,Boso,peninsula,,,,,,,,
PRI-6503,PRI,6503,6503,"Center for the Evolutionary Origins of Human Behavior, Kyoto University",fuscata,male,Chiba,,Boso,Boso,Boso,peninsula,,,,,,,,A dicom slice missing?
PRI-6504,PRI,6504,6504,"Center for the Evolutionary Origins of Human Behavior, Kyoto University",fuscata,male,Chiba,,Boso,Boso,Boso,peninsula,,,,,,,,
PRI-4360,PRI,4360,4360,"Center for the Evolutionary Origins of Human Behavior, Kyoto University",fuscata,female,Fukui,,Wakasa,Ryonan,Ryonan,mainland,,,,,,,,
PRI-4370,PRI,4370,4370,"Center for the Evolutionary Origins of Human Behavior, Kyoto University",fuscata,female,Fukui,,,Ryonan,Ryonan,mainland,,,,,,,,
PRI-4374,PRI,4374,4374,"Center for the Evolutionary Origins of Human Behavior, Kyoto University",fuscata,female,Fukui,Mikata-gun Mihamacho,,Ryonan,Ryonan,mainland,,,,,,,,
PRI-5194,PRI,5194,5194,"Center for the Evolutionary Origins of Human Behavior, Kyoto University",fuscata,female,Fukui,,Wakasa,Ryonan,Ryonan,mainland,,,,,,,,
PRI-5731,PRI,5731,5731,"Center for the Evolutionary Origins of Human Behavior, Kyoto University",fuscata,female,Fukui,,Wakasa,Ryonan,Ryonan,mainland,,,,,,,,
PRI-5736,PRI,5736,5736,"Center for the Evolutionary Origins of Human Behavior, Kyoto University",fuscata,female,Fukui,,Wakasa,Ryonan,Ryonan,mainland,,,,,,,,
PRI-4076,PRI,4076,4076,"Center for the Evolutionary Origins of Human Behavior, Kyoto University",fuscata,male,Fukui,Mikata-gun Mihamacho,,Ryonan,Ryonan,mainland,,,,,,,,
PRI-4113,PRI,4113,4113,"Center for the Evolutionary Origins of Human Behavior, Kyoto University",fuscata,male,Fukui,Obama-shi,,Ryonan,Ryonan,mainland,,,,,,,,
PRI-4335,PRI,4335,4335,"Center for the Evolutionary Origins of Human Behavior, Kyoto University",fuscata,male,Fukui,Mikata-gun Mihamacho,,Ryonan,Ryonan,mainland,,,,,,,,
PRI-4338,PRI,4338,4338,"Center for the Evolutionary Origins of Human Behavior, Kyoto University",fuscata,male,Fukui,,,Ryonan,Ryonan,mainland,,,,,,,,
PRI-4341,PRI,4341,4341,"Center for the Evolutionary Origins of Human Behavior, Kyoto University",fuscata,male,Fukui,,Wakasa,Ryonan,Ryonan,mainland,,,,,,,,
PRI-5184,PRI,5184,5184,"Center for the Evolutionary Origins of Human Behavior, Kyoto University",fuscata,male,Fukui,,Wakasa,Ryonan,Ryonan,mainland,,,,,,,,
PRI-5737,PRI,5737,5737,"Center for the Evolutionary Origins of Human Behavior, Kyoto University",fuscata,male,Fukui,,Wakasa,Ryonan,Ryonan,mainland,,,,,Upper right part of frontal bone,,,
GMNH-V14-621,GMNH,V14-621,VM14-621,Gunma Museum of Natural History,fuscata,female,Gunma,Numata-shi,Tone-cho,Tone,Tone,mainland,,,,,,,,
GMNH-VM10-348,GMNH,VM10-348,VM10-348,Gunma Museum of Natural History,fuscata,female,Gunma,Numata-shi,Tone-cho,Tone,Tone,mainland,,,,,,,,
GMNH-VM12-450,GMNH,VM12-450,VM12-450,Gunma Museum of Natural History,fuscata,female,Gunma,Numata-shi,Tone-cho,Tone,Tone,mainland,,,,,,,,
GMNH-VM13-388,GMNH,VM13-388,VM13-388,Gunma Museum of Natural History,fuscata,female,Gunma,Numata-shi,Tone-cho,Tone,Tone,mainland,,,,,Upper right part of frontal bone,,,
GMNH-VM13-392,GMNH,VM13-392,VM13-392,Gunma Museum of Natural History,fuscata,female,Gunma,Numata-shi,Tone-cho,Tone,Tone,mainland,,,,,,,,
GMNH-VM14-160,GMNH,VM14-160,VM14-160,Gunma Museum of Natural History,fuscata,female,Gunma,Numata-shi,Tone-cho,Tone,Tone,mainland,,,,,,,,
GMNH-VM14-325,GMNH,VM14-325,VM14-325,Gunma Museum of Natural History,fuscata,female,Gunma,Numata-shi,Tone-cho,Tone,Tone,mainland,,,,,,,,
GMNH-VM14-535,GMNH,VM14-535,VM14-535,Gunma Museum of Natural History,fuscata,female,Gunma,Numata-shi,Tone-cho,Tone,Tone,mainland,,,,,,,,
GMNH-VM14-559,GMNH,VM14-559,VM14-559,Gunma Museum of Natural History,fuscata,female,Gunma,Numata-shi,Tone-cho,Tone,Tone,mainland,,,,,,,,
GMNH-VM14-565,GMNH,VM14-565,VM14-565,Gunma Museum of Natural History,fuscata,female,Gunma,Numata-shi,Tone-cho,Tone,Tone,mainland,,,,,,,,
GMNH-VM14-567,GMNH,VM14-567,VM14-567,Gunma Museum of Natural History,fuscata,female,Gunma,Showa-mura,,Tone,Tone,mainland,,,,,,,,
GMNH-VM14-609,GMNH,VM14-609,VM14-609,Gunma Museum of Natural History,fuscata,female,Gunma,Numata-shi,Tone-cho,Tone,Tone,mainland,,,,,,,,
GMNH-VM14-614,GMNH,VM14-614,VM14-614,Gunma Museum of Natural History,fuscata,female,Gunma,Numata-shi,Tone-cho,Tone,Tone,mainland,,,,,,,,
GMNH-VM14-616,GMNH,VM14-616,VM14-616,Gunma Museum of Natural History,fuscata,female,Gunma,Numata-shi,Tone-cho,Tone,Tone,mainland,,,,,,,,
GMNH-VM14-620,GMNH,VM14-620,VM14-620,Gunma Museum of Natural History,fuscata,female,Gunma,Numata-shi,Tone-cho,Tone,Tone,mainland,,,,,,,,
GMNH-VM14-688,GMNH,VM14-688,VM14-688,Gunma Museum of Natural History,fuscata,female,Gunma,Numata-shi,Tone-cho,Tone,Tone,mainland,,,,,,,,
GMNH-VM14-696,GMNH,VM14-696,VM14-696,Gunma Museum of Natural History,fuscata,female,Gunma,Numata-shi,Tone-cho,Tone,Tone,mainland,,,,,,,,
GMNH-VM14-700,GMNH,VM14-700,VM14-700,Gunma Museum of Natural History,fuscata,female,Gunma,Numata-shi,Tone-cho,Tone,Tone,mainland,,Right second incisor,,,,,,
GMNH-VM14-727,GMNH,VM14-727,VM14-727,Gunma Museum of Natural History,fuscata,female,Gunma,Numata-shi,Tone-cho,Tone,Tone,mainland,,,,,,,,
GMNH-VM14-737,GMNH,VM14-737,VM14-737,Gunma Museum of Natural History,fuscata,female,Gunma,Numata-shi,Tone-cho,Tone,Tone,mainland,,,,,,,,
GMNH-VM14-742,GMNH,VM14-742,VM14-742,Gunma Museum of Natural History,fuscata,female,Gunma,Numata-shi,Tone-cho,Tone,Tone,mainland,,,,,,,,
GMNH-VM14-765,GMNH,VM14-765,VM14-765,Gunma Museum of Natural History,fuscata,female,Gunma,Numata-shi,Tone-cho,Tone,Tone,mainland,,,,,,,,
GMNH-VM14-777,GMNH,VM14-777,VM14-777,Gunma Museum of Natural History,fuscata,female,Gunma,Numata-shi,Tone-cho,Tone,Tone,mainland,,,,,Upper right part of frontal bone,Right zygomatic arch,,
GMNH-VM14-806,GMNH,VM14-806,VM14-806,Gunma Museum of Natural History,fuscata,female,Gunma,Numata-shi,Tone-cho,Tone,Tone,mainland,,,,,,,,
GMNH-VM15-5,GMNH,VM15-5,VM15-5,Gunma Museum of Natural History,fuscata,female,Gunma,Numata-shi,Tone-cho,Tone,Tone,mainland,,,,,,,,
GMNH-V14-597,GMNH,V14-597,VM14-597,Gunma Museum of Natural History,fuscata,male,Gunma,Numata-shi,Tone-cho,Tone,Tone,mainland,,,,,,,,
GMNH-V14-611,GMNH,V14-611,VM14-611,Gunma Museum of Natural History,fuscata,male,Gunma,Numata-shi,Tone-cho,Tone,Tone,mainland,,,,,,,,
GMNH-VM09-457,GMNH,VM09-457,VM09-457,Gunma Museum of Natural History,fuscata,male,Gunma,Numata-shi,Tone-cho,Tone,Tone,mainland,,,,,,,,
GMNH-VM10-427,GMNH,VM10-427,VM10-427,Gunma Museum of Natural History,fuscata,female,Gunma,Numata-shi,Tone-cho,Tone,Tone,mainland,,,,,,,,
GMNH-VM11-16,GMNH,VM11-16,VM11-16,Gunma Museum of Natural History,fuscata,male,Gunma,Numata-shi,Tone-cho,Tone,Tone,mainland,,,,,,,,
GMNH-VM12-388,GMNH,VM12-388,VM12-388,Gunma Museum of Natural History,fuscata,male,Gunma,Numata-shi,Tone-cho,Tone,Tone,mainland,,,,,,,,
GMNH-VM13-350,GMNH,VM13-350,VM13-350,Gunma Museum of Natural History,fuscata,male,Gunma,Numata-shi,Tone-cho,Tone,Tone,mainland,,,,,,,,
GMNH-VM14-159,GMNH,VM14-159,VM14-159,Gunma Museum of Natural History,fuscata,female,Gunma,Numata-shi,Tone-cho,Tone,Tone,mainland,,,,,,,,
GMNH-VM14-265,GMNH,VM14-265,VM14-265,Gunma Museum of Natural History,fuscata,male,Gunma,Numata-shi,Tone-cho,Tone,Tone,mainland,,,,,,,,
GMNH-VM14-266,GMNH,VM14-266,VM14-266,Gunma Museum of Natural History,fuscata,male,Gunma,Numata-shi,Tone-cho,Tone,Tone,mainland,,,,,,,,
GMNH-VM14-269,GMNH,VM14-269,VM14-269,Gunma Museum of Natural History,fuscata,male,Gunma,Numata-shi,Kamihocchi-cho,Tone,Tone,mainland,,,,,,,,
GMNH-VM14-493,GMNH,VM14-493,VM14-493,Gunma Museum of Natural History,fuscata,male,Gunma,Numata-shi,Tone-cho,Tone,Tone,mainland,,,,,,,,
GMNH-VM14-500,GMNH,VM14-500,VM14-500,Gunma Museum of Natural History,fuscata,male,Gunma,Numata-shi,Tone-cho,Tone,Tone,mainland,,Right first incisor,,,,,,
GMNH-VM14-502,GMNH,VM14-502,VM14-502,Gunma Museum of Natural History,fuscata,male,Gunma,Numata-shi,Tone-cho,Tone,Tone,mainland,,,,,,,,
GMNH-VM14-563,GMNH,VM14-563,VM14-563,Gunma Museum of Natural History,fuscata,male,Gunma,Numata-shi,Tone-cho,Tone,Tone,mainland,,"Left first incisor, and right first and second incisors",,,,,,
GMNH-VM14-573,GMNH,VM14-573,VM14-573,Gunma Museum of Natural History,fuscata,male,Gunma,Numata-shi,Tone-cho,Tone,Tone,mainland,,,,,,,,
GMNH-VM14-610,GMNH,VM14-610,VM14-610,Gunma Museum of Natural History,fuscata,male,Gunma,Numata-shi,Tone-cho,Tone,Tone,mainland,,,,,,,,
GMNH-VM14-619,GMNH,VM14-619,VM14-619,Gunma Museum of Natural History,fuscata,male,Gunma,Numata-shi,Tone-cho,Tone,Tone,mainland,,,,,,,,
GMNH-VM14-670,GMNH,VM14-670,VM14-670,Gunma Museum of Natural History,fuscata,male,Gunma,Numata-shi,Tone-cho,Tone,Tone,mainland,,,,,,,,
GMNH-VM14-697,GMNH,VM14-697,VM14-697,Gunma Museum of Natural History,fuscata,male,Gunma,Numata-shi,Tone-cho,Tone,Tone,mainland,,,,,,,,
GMNH-VM14-715,GMNH,VM14-715,VM14-715,Gunma Museum of Natural History,fuscata,male,Gunma,Numata-shi,Tone-cho,Tone,Tone,mainland,,,,,,,,
GMNH-VM14-716,GMNH,VM14-716,VM14-716,Gunma Museum of Natural History,fuscata,male,Gunma,Numata-shi,Tone-cho,Tone,Tone,mainland,,,,,,,,
GMNH-VM14-725,GMNH,VM14-725,VM14-725,Gunma Museum of Natural History,fuscata,male,Gunma,Numata-shi,Tone-cho,Tone,Tone,mainland,,,,,,,,
GMNH-VM14-728,GMNH,VM14-728,VM14-728,Gunma Museum of Natural History,fuscata,male,Gunma,Numata-shi,Tone-cho,Tone,Tone,mainland,,,,,,,,
GMNH-VM14-778,GMNH,VM14-778,VM14-778,Gunma Museum of Natural History,fuscata,male,Gunma,Numata-shi,Tone-cho,Tone,Tone,mainland,,,,,,,,
GMNH-VM09-45,GMNH,VM09-45,VM09-45,Gunma Museum of Natural History,fuscata,male,Gunma,Yasunaka-shi,Matsuida-cho,Yasunaka,Yasunaka,mainland,,Right first incisor,,,,Right zygomatic arch,,
HNCC-02-20,HNCC,02-20,02-20,Hakusan Nature Conservation Center,fuscata,female,Ishikawa,,Hakusan,Hakusan,Hakusan,mainland,,,,,,,,
HNCC-03-17,HNCC,03-17,03-17,Hakusan Nature Conservation Center,fuscata,female,Ishikawa,,Hakusan,Hakusan,Hakusan,mainland,,,,,,,,
HNCC-03-18,HNCC,03-18,03-18,Hakusan Nature Conservation Center,fuscata,female,Ishikawa,,Hakusan,Hakusan,Hakusan,mainland,,,,,,,,
HNCC-03-22,HNCC,03-22,03-22,Hakusan Nature Conservation Center,fuscata,female,Ishikawa,,Hakusan,Hakusan,Hakusan,mainland,,,,,,,,
HNCC-04-15,HNCC,04-15,04-15,Hakusan Nature Conservation Center,fuscata,female,Ishikawa,,Hakusan,Hakusan,Hakusan,mainland,,,,,,,,
HNCC-04-85,HNCC,04-85,04-85,Hakusan Nature Conservation Center,fuscata,female,Ishikawa,,Hakusan,Hakusan,Hakusan,mainland,,,,,,,,
HNCC-04-89,HNCC,04-89,04-89,Hakusan Nature Conservation Center,fuscata,female,Ishikawa,,Hakusan,Hakusan,Hakusan,mainland,,,,,,,,
HNCC-05-23,HNCC,05-23,05-23,Hakusan Nature Conservation Center,fuscata,female,Ishikawa,,Hakusan,Hakusan,Hakusan,mainland,,,,,,,,
HNCC-06-35,HNCC,06-35,06-35,Hakusan Nature Conservation Center,fuscata,female,Ishikawa,,Hakusan,Hakusan,Hakusan,mainland,,,,,,,,
HNCC-86-3Y,HNCC,86-3Y,86-3Y,Hakusan Nature Conservation Center,fuscata,female,Ishikawa,,Hakusan,Hakusan,Hakusan,mainland,,,,,,,,
HNCC-03-10,HNCC,03-10,03-10,Hakusan Nature Conservation Center,fuscata,male,Ishikawa,,Hakusan,Hakusan,Hakusan,mainland,,,,,,,,
HNCC-04-14,HNCC,04-14,04-14,Hakusan Nature Conservation Center,fuscata,male,Ishikawa,,Hakusan,Hakusan,Hakusan,mainland,,,,,,,,
HNCC-04-60,HNCC,04-60,04-60,Hakusan Nature Conservation Center,fuscata,male,Ishikawa,,Hakusan,Hakusan,Hakusan,mainland,,,,,,,,
HNCC-05-17,HNCC,05-17,05-17,Hakusan Nature Conservation Center,fuscata,male,Ishikawa,,Hakusan,Hakusan,Hakusan,mainland,,,,,,,,
HNCC-05-43,HNCC,05-43,05-43,Hakusan Nature Conservation Center,fuscata,male,Ishikawa,,Hakusan,Hakusan,Hakusan,mainland,,,,,,,,
HNCC-06-23,HNCC,06-23,06-23,Hakusan Nature Conservation Center,fuscata,male,Ishikawa,,Hakusan,Hakusan,Hakusan,mainland,,,,,,,,
HNCC-06-40,HNCC,06-40,06-40,Hakusan Nature Conservation Center,fuscata,male,Ishikawa,,Hakusan,Hakusan,Hakusan,mainland,,,,,,,,
HNCC-06-59,HNCC,06-59,06-59,Hakusan Nature Conservation Center,fuscata,male,Ishikawa,,Hakusan,Hakusan,Hakusan,mainland,,,,,,,,
HNCC-06-60,HNCC,06-60,06-60,Hakusan Nature Conservation Center,fuscata,male,Ishikawa,,Hakusan,Hakusan,Hakusan,mainland,,,,,,,,Metal artifact
PRI-9429,PRI,9429,9429,"Center for the Evolutionary Origins of Human Behavior, Kyoto University",fuscata,male,Kagoshima,Satsuma-gun Satsuma-cho,,Satsuma,Satsuma,mainland,,,,,,,,
PRI-10377,PRI,10377,10377,"Center for the Evolutionary Origins of Human Behavior, Kyoto University",yakui,female,Kagoshima,,Yakushima,Yakushima,Yakushima,island,,,,,,,,
PRI-10767,PRI,10767,10767,"Center for the Evolutionary Origins of Human Behavior, Kyoto University",yakui,female,Kagoshima,,Yakushima,Yakushima,Yakushima,island,,,,,,,,
PRI-10771,PRI,10771,10771,"Center for the Evolutionary Origins of Human Behavior, Kyoto University",yakui,female,Kagoshima,,Yakushima,Yakushima,Yakushima,island,,,,,,,,
PRI-11285,PRI,11285,11285,"Center for the Evolutionary Origins of Human Behavior, Kyoto University",yakui,female,Kagoshima,,Yakushima,Yakushima,Yakushima,island,,,,,,,,
PRI-11665,PRI,11665,11665,"Center for the Evolutionary Origins of Human Behavior, Kyoto University",yakui,female,Kagoshima,,Yakushima,Yakushima,Yakushima,island,,,,,,,,
PRI-2595,PRI,2595,2595,"Center for the Evolutionary Origins of Human Behavior, Kyoto University",yakui,female,Kagoshima,,Yakushima,Yakushima,Yakushima,island,,,,,,,,
PRI-2596,PRI,2596,2596,"Center for the Evolutionary Origins of Human Behavior, Kyoto University",yakui,female,Kagoshima,,Yakushima,Yakushima,Yakushima,island,,,,,,,Right zygomatic arch,
PRI-2597,PRI,2597,2597,"Center for the Evolutionary Origins of Human Behavior, Kyoto University",yakui,female,Kagoshima,,Yakushima,Yakushima,Yakushima,island,,,,,,,,
PRI-2601,PRI,2601,2601,"Center for the Evolutionary Origins of Human Behavior, Kyoto University",yakui,female,Kagoshima,,Yakushima,Yakushima,Yakushima,island,,,,,,,,
PRI-3135,PRI,3135,3135,"Center for the Evolutionary Origins of Human Behavior, Kyoto University",yakui,female,Kagoshima,,Yakushima,Yakushima,Yakushima,island,,,,,,,,
PRI-3159,PRI,3159,3159,"Center for the Evolutionary Origins of Human Behavior, Kyoto University",yakui,female,Kagoshima,,Yakushima,Yakushima,Yakushima,island,,,,,,,,
PRI-3161,PRI,3161,3161,"Center for the Evolutionary Origins of Human Behavior, Kyoto University",yakui,female,Kagoshima,,Yakushima,Yakushima,Yakushima,island,,,,,Upper right part of frontal bone,,,
PRI-3438,PRI,3438,3438,"Center for the Evolutionary Origins of Human Behavior, Kyoto University",yakui,female,Kagoshima,,Yakushima,Yakushima,Yakushima,island,,,,,,,,
PRI-3444,PRI,3444,3444,"Center for the Evolutionary Origins of Human Behavior, Kyoto University",yakui,male,Kagoshima,,Yakushima,Yakushima,Yakushima,island,,,,,,,Left zygomatic arch,
PRI-3446,PRI,3446,3446,"Center for the Evolutionary Origins of Human Behavior, Kyoto University",yakui,female,Kagoshima,,Yakushima,Yakushima,Yakushima,island,,,,,,,,
PRI-3447,PRI,3447,3447,"Center for the Evolutionary Origins of Human Behavior, Kyoto University",yakui,female,Kagoshima,,Yakushima,Yakushima,Yakushima,island,,,,,,,,
PRI-3448,PRI,3448,3448,"Center for the Evolutionary Origins of Human Behavior, Kyoto University",yakui,female,Kagoshima,,Yakushima,Yakushima,Yakushima,island,,,,,,,,
PRI-3957,PRI,3957,3957,"Center for the Evolutionary Origins of Human Behavior, Kyoto University",yakui,female,Kagoshima,,Yakushima,Yakushima,Yakushima,island,,Right first incisor,,,,,,
PRI-3958,PRI,3958,3958,"Center for the Evolutionary Origins of Human Behavior, Kyoto University",yakui,female,Kagoshima,,Yakushima,Yakushima,Yakushima,island,,Right second incisor,,,,,,
PRI-6631,PRI,6631,6631,"Center for the Evolutionary Origins of Human Behavior, Kyoto University",yakui,female,Kagoshima,,Yakushima,Yakushima,Yakushima,island,,,,,,,Left zygomatic arch,
PRI-6638,PRI,6638,6638,"Center for the Evolutionary Origins of Human Behavior, Kyoto University",yakui,female,Kagoshima,,Yakushima,Yakushima,Yakushima,island,,,,,,,,
PRI-6640,PRI,6640,6640,"Center for the Evolutionary Origins of Human Behavior, Kyoto University",yakui,female,Kagoshima,,Yakushima,Yakushima,Yakushima,island,,,,,,,Neurocranium opened,
PRI-6641,PRI,6641,6641,"Center for the Evolutionary Origins of Human Behavior, Kyoto University",yakui,female,Kagoshima,,Yakushima,Yakushima,Yakushima,island,,,Left first incisor,,,,Neurocranium,
PRI-6955,PRI,6955,6955,"Center for the Evolutionary Origins of Human Behavior, Kyoto University",yakui,female,Kagoshima,,Yakushima,Yakushima,Yakushima,island,,,,,,,"Right zygomatic arch, frontal, and maxillary bone",
PRI-7109,PRI,7109,7109,"Center for the Evolutionary Origins of Human Behavior, Kyoto University",yakui,female,Kagoshima,,Yakushima,Yakushima,Yakushima,island,,,,,,,,
PRI-7209,PRI,7209,7209,"Center for the Evolutionary Origins of Human Behavior, Kyoto University",yakui,female,Kagoshima,,Yakushima,Yakushima,Yakushima,island,,,,,,,,
PRI-7670,PRI,7670,7670,"Center for the Evolutionary Origins of Human Behavior, Kyoto University",yakui,female,Kagoshima,,Yakushima,Yakushima,Yakushima,island,,,,,,,,
PRI-7671,PRI,7671,7671,"Center for the Evolutionary Origins of Human Behavior, Kyoto University",yakui,female,Kagoshima,,Yakushima,Yakushima,Yakushima,island,,,,,,,,
PRI-8000,PRI,8000,8000,"Center for the Evolutionary Origins of Human Behavior, Kyoto University",yakui,female,Kagoshima,,Yakushima,Yakushima,Yakushima,island,,,,,,,,
PRI-8087,PRI,8087,8087,"Center for the Evolutionary Origins of Human Behavior, Kyoto University",yakui,female,Kagoshima,,Yakushima,Yakushima,Yakushima,island,,,,,,,,
PRI-8097,PRI,8097,8097,"Center for the Evolutionary Origins of Human Behavior, Kyoto University",yakui,female,Kagoshima,,Yakushima,Yakushima,Yakushima,island,,,,,,,,
PRI-9013,PRI,9013,9013,"Center for the Evolutionary Origins of Human Behavior, Kyoto University",yakui,female,Kagoshima,,Yakushima,Yakushima,Yakushima,island,,,,,,,,
PRI-10765,PRI,10765,10765,"Center for the Evolutionary Origins of Human Behavior, Kyoto University",yakui,male,Kagoshima,,Yakushima,Yakushima,Yakushima,island,,,,,,,,
PRI-10789,PRI,10789,10789,"Center for the Evolutionary Origins of Human Behavior, Kyoto University",yakui,male,Kagoshima,,Yakushima,Yakushima,Yakushima,island,,,,,,,,
PRI-1571,PRI,1571,1571,"Center for the Evolutionary Origins of Human Behavior, Kyoto University",yakui,male,Kagoshima,,Yakushima,Yakushima,Yakushima,island,,,,,,,,
PRI-2147,PRI,2147,2147,"Center for the Evolutionary Origins of Human Behavior, Kyoto University",yakui,male,Kagoshima,,Yakushima,Yakushima,Yakushima,island,,,,,,,,
PRI-2168,PRI,2168,2168,"Center for the Evolutionary Origins of Human Behavior, Kyoto University",yakui,male,Kagoshima,,Yakushima,Yakushima,Yakushima,island,,,,,,,,
PRI-2584,PRI,2584,2584,"Center for the Evolutionary Origins of Human Behavior, Kyoto University",yakui,male,Kagoshima,,Yakushima,Yakushima,Yakushima,island,,,,,,,,
PRI-2585,PRI,2585,2585,"Center for the Evolutionary Origins of Human Behavior, Kyoto University",yakui,male,Kagoshima,,Yakushima,Yakushima,Yakushima,island,,Left second incisor and right first and second incisors,,,,,,
PRI-2586,PRI,2586,2586,"Center for the Evolutionary Origins of Human Behavior, Kyoto University",yakui,male,Kagoshima,,Yakushima,Yakushima,Yakushima,island,,,Right first incisor,,,,,
PRI-2587,PRI,2587,2587,"Center for the Evolutionary Origins of Human Behavior, Kyoto University",yakui,male,Kagoshima,,Yakushima,Yakushima,Yakushima,island,,,,,,,,
PRI-2588,PRI,2588,2588,"Center for the Evolutionary Origins of Human Behavior, Kyoto University",yakui,male,Kagoshima,,Yakushima,Yakushima,Yakushima,island,,,,,,Left zygomatic arch,,
PRI-2592,PRI,2592,2592,"Center for the Evolutionary Origins of Human Behavior, Kyoto University",yakui,male,Kagoshima,,Yakushima,Yakushima,Yakushima,island,,,,,,Left zygomatic arch,,
PRI-3123,PRI,3123,3123,"Center for the Evolutionary Origins of Human Behavior, Kyoto University",yakui,male,Kagoshima,,Yakushima,Yakushima,Yakushima,island,,,,,,,,
PRI-3125,PRI,3125,3125,"Center for the Evolutionary Origins of Human Behavior, Kyoto University",yakui,male,Kagoshima,,Yakushima,Yakushima,Yakushima,island,,,,,,,,
PRI-3126,PRI,3126,3126,"Center for the Evolutionary Origins of Human Behavior, Kyoto University",yakui,male,Kagoshima,,Yakushima,Yakushima,Yakushima,island,,,,,,,,
PRI-3128,PRI,3128,3128,"Center for the Evolutionary Origins of Human Behavior, Kyoto University",yakui,male,Kagoshima,,Yakushima,Yakushima,Yakushima,island,,,,,,,,
PRI-3134,PRI,3134,3134,"Center for the Evolutionary Origins of Human Behavior, Kyoto University",yakui,male,Kagoshima,,Yakushima,Yakushima,Yakushima,island,,,,,,,,
PRI-3153,PRI,3153,3153,"Center for the Evolutionary Origins of Human Behavior, Kyoto University",yakui,male,Kagoshima,,Yakushima,Yakushima,Yakushima,island,,,,,,,,
PRI-3162,PRI,3162,3162,"Center for the Evolutionary Origins of Human Behavior, Kyoto University",yakui,male,Kagoshima,,Yakushima,Yakushima,Yakushima,island,,,,,,,,
PRI-5425,PRI,5425,5425,"Center for the Evolutionary Origins of Human Behavior, Kyoto University",yakui,male,Kagoshima,,Yakushima,Yakushima,Yakushima,island,,,,,,,Left zygomatic arch,
PRI-6627,PRI,6627,6627,"Center for the Evolutionary Origins of Human Behavior, Kyoto University",yakui,male,Kagoshima,,Yakushima,Yakushima,Yakushima,island,,,,,,,,
PRI-6628,PRI,6628,6628,"Center for the Evolutionary Origins of Human Behavior, Kyoto University",yakui,male,Kagoshima,,Yakushima,Yakushima,Yakushima,island,,,,,,Right zygomatic arch,,
PRI-6639,PRI,6639,6639,"Center for the Evolutionary Origins of Human Behavior, Kyoto University",yakui,male,Kagoshima,,Yakushima,Yakushima,Yakushima,island,,Left third molar,,,,,,
PRI-7672,PRI,7672,7672,"Center for the Evolutionary Origins of Human Behavior, Kyoto University",yakui,male,Kagoshima,,Yakushima,Yakushima,Yakushima,island,,,,,,,,
PRI-7997,PRI,7997,7997,"Center for the Evolutionary Origins of Human Behavior, Kyoto University",yakui,male,Kagoshima,,Yakushima,Yakushima,Yakushima,island,,,,,,,Left zygomatic arch,
PRI-7999,PRI,7999,7999,"Center for the Evolutionary Origins of Human Behavior, Kyoto University",yakui,male,Kagoshima,,Yakushima,Yakushima,Yakushima,island,,,,,,,,
PRI-8079,PRI,8079,8079,"Center for the Evolutionary Origins of Human Behavior, Kyoto University",yakui,male,Kagoshima,,Yakushima,Yakushima,Yakushima,island,,,,,,,Left zygomatic arch,
PRI-8083,PRI,8083,8083,"Center for the Evolutionary Origins of Human Behavior, Kyoto University",yakui,male,Kagoshima,,Yakushima,Yakushima,Yakushima,island,,,,,,,,
PRI-8084,PRI,8084,8084,"Center for the Evolutionary Origins of Human Behavior, Kyoto University",yakui,male,Kagoshima,,Yakushima,Yakushima,Yakushima,island,,Left canine,,,,,,
PRI-8085,PRI,8085,8085,"Center for the Evolutionary Origins of Human Behavior, Kyoto University",yakui,male,Kagoshima,,Yakushima,Yakushima,Yakushima,island,,,,,,,Right orbit,
PRI-8086,PRI,8086,8086,"Center for the Evolutionary Origins of Human Behavior, Kyoto University",yakui,male,Kagoshima,,Yakushima,Yakushima,Yakushima,island,,,,,,,,
PRI-8091,PRI,8091,8091,"Center for the Evolutionary Origins of Human Behavior, Kyoto University",yakui,male,Kagoshima,,Yakushima,Yakushima,Yakushima,island,,,,,,,,Metal artifact
PRI-8099,PRI,8099,8099,"Center for the Evolutionary Origins of Human Behavior, Kyoto University",yakui,male,Kagoshima,,Yakushima,Yakushima,Yakushima,island,,,,,,,Left zygomatic arch,
PRI-8100,PRI,8100,8100,"Center for the Evolutionary Origins of Human Behavior, Kyoto University",yakui,male,Kagoshima,,Yakushima,Yakushima,Yakushima,island,,,,,,,,
PRI-8101,PRI,8101,8101,"Center for the Evolutionary Origins of Human Behavior, Kyoto University",yakui,male,Kagoshima,,Yakushima,Yakushima,Yakushima,island,,,,,,,,
PRI-9422,PRI,9422,9422,"Center for the Evolutionary Origins of Human Behavior, Kyoto University",yakui,male,Kagoshima,,Yakushima,Yakushima,Yakushima,island,,,,,,,,
PRI-9952,PRI,9952,9952,"Center for the Evolutionary Origins of Human Behavior, Kyoto University",yakui,male,Kagoshima,,Yakushima,Yakushima,Yakushima,island,,,,,,,,
SNC-H19-079,SNC,H19-079,H19-079,Shikoku Institute of Natural History,fuscata,female,Kochi,Takaoka-gun,Nakatosa-cho,Nakatosa,Nakatosa,mainland,,,,,,,,
SNC-H23-057,SNC,H23-057,H23-057,Shikoku Institute of Natural History,fuscata,female,Kochi,Takaoka-gun,Nakatosa-cho,Nakatosa,Nakatosa,mainland,,,,,,,Neurocranium opened,
SNC-H23-096,SNC,H23-096,H23-096,Shikoku Institute of Natural History,fuscata,female,Kochi,Takaoka-gun,Nakatosa-cho,Nakatosa,Nakatosa,mainland,,,,,,,Neurocranium,
SNC-H20-117,SNC,H20-117,H20-117,Shikoku Institute of Natural History,fuscata,male,Kochi,Takaoka-gun,Nakatosa-cho,Nakatosa,Nakatosa,mainland,,,,,,,Right orbit,Metal artifact
SNC-H23-285,SNC,H23-285,H23-285,Shikoku Institute of Natural History,fuscata,male,Kochi,Takaoka-gun,Nakatosa-cho,Nakatosa,Nakatosa,mainland,,,,,,,Neurocranium opened,
PRI-8895,PRI,8895,8895,"Center for the Evolutionary Origins of Human Behavior, Kyoto University",fuscata,female,Miyagi,,Kinkazan,Kinkazan,Kinkazan,island,,,,,,,,
PRI-8896,PRI,8896,8896,"Center for the Evolutionary Origins of Human Behavior, Kyoto University",fuscata,female,Miyagi,,Kinkazan,Kinkazan,Kinkazan,island,,,,,,,,
PRI-8902,PRI,8902,8902,"Center for the Evolutionary Origins of Human Behavior, Kyoto University",fuscata,female,Miyagi,,Kinkazan,Kinkazan,Kinkazan,island,,,,,,,,
PRI-8903,PRI,8903,8903,"Center for the Evolutionary Origins of Human Behavior, Kyoto University",fuscata,female,Miyagi,,Kinkazan,Kinkazan,Kinkazan,island,,,,,,,,
PRI-8981,PRI,8981,8981,"Center for the Evolutionary Origins of Human Behavior, Kyoto University",fuscata,female,Miyagi,,Kinkazan,Kinkazan,Kinkazan,island,,,,,,,,
PRI-8988,PRI,8988,8988,"Center for the Evolutionary Origins of Human Behavior, Kyoto University",fuscata,female,Miyagi,,Kinkazan,Kinkazan,Kinkazan,island,,,,,,,Right zygomatic arch,
PRI-8886,PRI,8886,8886,"Center for the Evolutionary Origins of Human Behavior, Kyoto University",fuscata,male,Miyagi,,Kinkazan,Kinkazan,Kinkazan,island,,,,,,,,
PRI-8889,PRI,8889,8889,"Center for the Evolutionary Origins of Human Behavior, Kyoto University",fuscata,male,Miyagi,,Kinkazan,Kinkazan,Kinkazan,island,,,,,,,,
PRI-8892,PRI,8892,8892,"Center for the Evolutionary Origins of Human Behavior, Kyoto University",fuscata,male,Miyagi,,Kinkazan,Kinkazan,Kinkazan,island,,,,,,,,
PRI-8893,PRI,8893,8893,"Center for the Evolutionary Origins of Human Behavior, Kyoto University",fuscata,male,Miyagi,,Kinkazan,Kinkazan,Kinkazan,island,,,,,,,,
PRI-8914,PRI,8914,8914,"Center for the Evolutionary Origins of Human Behavior, Kyoto University",fuscata,male,Miyagi,,Kinkazan,Kinkazan,Kinkazan,island,,,,,,,,
PRI-8974,PRI,8974,8974,"Center for the Evolutionary Origins of Human Behavior, Kyoto University",fuscata,male,Miyagi,,Kinkazan,Kinkazan,Kinkazan,island,,,,,,,Right zygomatic arch,
PRI-10227,PRI,10227,10227,"Center for the Evolutionary Origins of Human Behavior, Kyoto University",fuscata,female,Miyazaki,Kushima-shi,Kojima,Kojima,Kojima,island,,,,,,,Neurocranium opened,
PRI-7315,PRI,7315,7315,"Center for the Evolutionary Origins of Human Behavior, Kyoto University",fuscata,female,Miyazaki,Kushima-shi,Kojima,Kojima,Kojima,island,,,,,,,,
PRI-7319,PRI,7319,7319,"Center for the Evolutionary Origins of Human Behavior, Kyoto University",fuscata,female,Miyazaki,Kushima-shi,Kojima,Kojima,Kojima,island,,,,,,,,
PRI-7320,PRI,7320,7320,"Center for the Evolutionary Origins of Human Behavior, Kyoto University",fuscata,female,Miyazaki,Kushima-shi,Kojima,Kojima,Kojima,island,,,,,,,,
PRI-7324,PRI,7324,7324,"Center for the Evolutionary Origins of Human Behavior, Kyoto University",fuscata,female,Miyazaki,Kushima-shi,Kojima,Kojima,Kojima,island,,,,,,,,
PRI-7328,PRI,7328,7328,"Center for the Evolutionary Origins of Human Behavior, Kyoto University",fuscata,female,Miyazaki,Kushima-shi,Kojima,Kojima,Kojima,island,,,,,,,,
PRI-7330,PRI,7330,7330,"Center for the Evolutionary Origins of Human Behavior, Kyoto University",fuscata,female,Miyazaki,Kushima-shi,Kojima,Kojima,Kojima,island,,,,,,,,
PRI-7371,PRI,7371,7371,"Center for the Evolutionary Origins of Human Behavior, Kyoto University",fuscata,female,Miyazaki,Kushima-shi,Kojima,Kojima,Kojima,island,,,,,,,,
PRI-7372,PRI,7372,7372,"Center for the Evolutionary Origins of Human Behavior, Kyoto University",fuscata,male,Miyazaki,Kushima-shi,Kojima,Kojima,Kojima,island,,,,,,,,
PRI-7373,PRI,7373,7373,"Center for the Evolutionary Origins of Human Behavior, Kyoto University",fuscata,female,Miyazaki,Kushima-shi,Kojima,Kojima,Kojima,island,,,,,,,,
PRI-7374,PRI,7374,7374,"Center for the Evolutionary Origins of Human Behavior, Kyoto University",fuscata,female,Miyazaki,Kushima-shi,Kojima,Kojima,Kojima,island,,,,,,,,
PRI-7375,PRI,7375,7375,"Center for the Evolutionary Origins of Human Behavior, Kyoto University",fuscata,female,Miyazaki,Kushima-shi,Kojima,Kojima,Kojima,island,,,,,,,,
PRI-7377,PRI,7377,7377,"Center for the Evolutionary Origins of Human Behavior, Kyoto University",fuscata,female,Miyazaki,Kushima-shi,Kojima,Kojima,Kojima,island,,,,,,,,
PRI-7378,PRI,7378,7378,"Center for the Evolutionary Origins of Human Behavior, Kyoto University",fuscata,female,Miyazaki,Kushima-shi,Kojima,Kojima,Kojima,island,,,,,,,,
PRI-7379,PRI,7379,7379,"Center for the Evolutionary Origins of Human Behavior, Kyoto University",fuscata,female,Miyazaki,Kushima-shi,Kojima,Kojima,Kojima,island,,,,,,,,
PRI-7383,PRI,7383,7383,"Center for the Evolutionary Origins of Human Behavior, Kyoto University",fuscata,female,Miyazaki,Kushima-shi,Kojima,Kojima,Kojima,island,,,,,,Right zygomatic arch,,
PRI-7388,PRI,7388,7388,"Center for the Evolutionary Origins of Human Behavior, Kyoto University",fuscata,female,Miyazaki,Kushima-shi,Kojima,Kojima,Kojima,island,,,,,,,,
PRI-7390,PRI,7390,7390,"Center for the Evolutionary Origins of Human Behavior, Kyoto University",fuscata,female,Miyazaki,Kushima-shi,Kojima,Kojima,Kojima,island,,,,,,,,
PRI-7392,PRI,7392,7392,"Center for the Evolutionary Origins of Human Behavior, Kyoto University",fuscata,female,Miyazaki,Kushima-shi,Kojima,Kojima,Kojima,island,,,,,,,,
PRI-7393,PRI,7393,7393,"Center for the Evolutionary Origins of Human Behavior, Kyoto University",fuscata,female,Miyazaki,Kushima-shi,Kojima,Kojima,Kojima,island,,,,,,,,
PRI-7314,PRI,7314,7314,"Center for the Evolutionary Origins of Human Behavior, Kyoto University",fuscata,male,Miyazaki,Kushima-shi,Kojima,Kojima,Kojima,island,,,,,,,,
PRI-7316,PRI,7316,7316,"Center for the Evolutionary Origins of Human Behavior, Kyoto University",fuscata,male,Miyazaki,Kushima-shi,Kojima,Kojima,Kojima,island,,,,,,,,
PRI-7317,PRI,7317,7317,"Center for the Evolutionary Origins of Human Behavior, Kyoto University",fuscata,male,Miyazaki,Kushima-shi,Kojima,Kojima,Kojima,island,,,,,,,,
PRI-7318,PRI,7318,7318,"Center for the Evolutionary Origins of Human Behavior, Kyoto University",fuscata,male,Miyazaki,Kushima-shi,Kojima,Kojima,Kojima,island,,,,,,,,
PRI-7323,PRI,7323,7323,"Center for the Evolutionary Origins of Human Behavior, Kyoto University",fuscata,male,Miyazaki,Kushima-shi,Kojima,Kojima,Kojima,island,,,,,,,,
PRI-7325,PRI,7325,7325,"Center for the Evolutionary Origins of Human Behavior, Kyoto University",fuscata,female,Miyazaki,Kushima-shi,Kojima,Kojima,Kojima,island,,,,,,,,
PRI-7326,PRI,7326,7326,"Center for the Evolutionary Origins of Human Behavior, Kyoto University",fuscata,male,Miyazaki,Kushima-shi,Kojima,Kojima,Kojima,island,,,,,,,,
PRI-7376,PRI,7376,7376,"Center for the Evolutionary Origins of Human Behavior, Kyoto University",fuscata,male,Miyazaki,Kushima-shi,Kojima,Kojima,Kojima,island,,,,,,,,
PRI-7381,PRI,7381,7381,"Center for the Evolutionary Origins of Human Behavior, Kyoto University",fuscata,male,Miyazaki,Kushima-shi,Kojima,Kojima,Kojima,island,,,,Premaxilla,,Right zygomatic arch,Neurocranium cracked,
PRI-7382,PRI,7382,7382,"Center for the Evolutionary Origins of Human Behavior, Kyoto University",fuscata,male,Miyazaki,Kushima-shi,Kojima,Kojima,Kojima,island,,,,,,,,
PRI-7384,PRI,7384,7384,"Center for the Evolutionary Origins of Human Behavior, Kyoto University",fuscata,male,Miyazaki,Kushima-shi,Kojima,Kojima,Kojima,island,,Left first or second incisor,,,,,,
PRI-7385,PRI,7385,7385,"Center for the Evolutionary Origins of Human Behavior, Kyoto University",fuscata,male,Miyazaki,Kushima-shi,Kojima,Kojima,Kojima,island,,,,,,,,
PRI-7386,PRI,7386,7386,"Center for the Evolutionary Origins of Human Behavior, Kyoto University",fuscata,male,Miyazaki,Kushima-shi,Kojima,Kojima,Kojima,island,,Left first incisor,,,,,,
PRI-7387,PRI,7387,7387,"Center for the Evolutionary Origins of Human Behavior, Kyoto University",fuscata,male,Miyazaki,Kushima-shi,Kojima,Kojima,Kojima,island,,,,,,,,
PRI-7389,PRI,7389,7389,"Center for the Evolutionary Origins of Human Behavior, Kyoto University",fuscata,male,Miyazaki,Kushima-shi,Kojima,Kojima,Kojima,island,,,,,,,Right zygomatic arch,
PRI-7391,PRI,7391,7391,"Center for the Evolutionary Origins of Human Behavior, Kyoto University",fuscata,male,Miyazaki,Kushima-shi,Kojima,Kojima,Kojima,island,,,,,,,,
PRI-6168,PRI,6168,6168,"Center for the Evolutionary Origins of Human Behavior, Kyoto University",fuscata,female,Nagano,Shimoina-gun Takamorimachi,,Nagano,Nagano,mainland,,,,,,,,
PRI-6480,PRI,6480,6480,"Center for the Evolutionary Origins of Human Behavior, Kyoto University",fuscata,female,Nagano,,,Nagano,Nagano,mainland,,,,,,,,
PRI-6809,PRI,6809,6809,"Center for the Evolutionary Origins of Human Behavior, Kyoto University",fuscata,female,Nagano,,,Nagano,Nagano,mainland,,,,,,,,
PRI-6470,PRI,6470,6470,"Center for the Evolutionary Origins of Human Behavior, Kyoto University",fuscata,male,Nagano,,,Nagano,Nagano,mainland,,,,,,,,
PRI-6474,PRI,6474,6474,"Center for the Evolutionary Origins of Human Behavior, Kyoto University",fuscata,male,Nagano,,,Nagano,Nagano,mainland,,,,,,,,
PRI-6833,PRI,6833,6833,"Center for the Evolutionary Origins of Human Behavior, Kyoto University",fuscata,male,Nagano,,,Nagano,Nagano,mainland,,,,,,,,
PRI-1631,PRI,1631,1631,"Center for the Evolutionary Origins of Human Behavior, Kyoto University",fuscata,female,Oita,Oita-shi,Takasakiyama,Takasakiyama,Takasakiyama,mainland,,,,,,,,
PRI-9691,PRI,9691,9691,"Center for the Evolutionary Origins of Human Behavior, Kyoto University",fuscata,female,Oita,Oita-shi,Takasakiyama,Takasakiyama,Takasakiyama,mainland,,,,,,,,
PRI-2133,PRI,2133,2133,"Center for the Evolutionary Origins of Human Behavior, Kyoto University",fuscata,male,Oita,Oita-shi,Takasakiyama,Takasakiyama,Takasakiyama,mainland,,,,,,,,
PRI-2157,PRI,2157,2157,"Center for the Evolutionary Origins of Human Behavior, Kyoto University",fuscata,male,Oita,Oita-shi,Takasakiyama,Takasakiyama,Takasakiyama,mainland,,,,,,,,
PRI-9709,PRI,9709,9709,"Center for the Evolutionary Origins of Human Behavior, Kyoto University",fuscata,male,Oita,Oita-shi,Takasakiyama,Takasakiyama,Takasakiyama,mainland,,,,,,,,
PRI-8660,PRI,8660,8660,"Center for the Evolutionary Origins of Human Behavior, Kyoto University",fuscata,female,Shiga,Koka-shi,,Koka,Koka,mainland,,,,,,,,
PRI-9329,PRI,9329,9329,"Center for the Evolutionary Origins of Human Behavior, Kyoto University",fuscata,female,Shiga,Koka-shi,,Koka,Koka,mainland,,,,,,,,
PRI-9330,PRI,9330,9330,"Center for the Evolutionary Origins of Human Behavior, Kyoto University",fuscata,female,Shiga,Koka-shi,,Koka,Koka,mainland,,,,,,,,
PRI-9331,PRI,9331,9331,"Center for the Evolutionary Origins of Human Behavior, Kyoto University",fuscata,female,Shiga,Koka-shi,,Koka,Koka,mainland,,,,,,,,
PRI-9333,PRI,9333,9333,"Center for the Evolutionary Origins of Human Behavior, Kyoto University",fuscata,female,Shiga,Koka-shi,,Koka,Koka,mainland,,,,,,,,
PRI-9335,PRI,9335,9335,"Center for the Evolutionary Origins of Human Behavior, Kyoto University",fuscata,female,Shiga,Koka-shi,,Koka,Koka,mainland,,,,,,,,
PRI-9349,PRI,9349,9349,"Center for the Evolutionary Origins of Human Behavior, Kyoto University",fuscata,female,Shiga,Koka-shi,,Koka,Koka,mainland,,,,,,,,
PRI-9351,PRI,9351,9351,"Center for the Evolutionary Origins of Human Behavior, Kyoto University",fuscata,female,Shiga,Koka-shi,,Koka,Koka,mainland,,,,,,,,
PRI-9352,PRI,9352,9352,"Center for the Evolutionary Origins of Human Behavior, Kyoto University",fuscata,female,Shiga,Koka-shi,,Koka,Koka,mainland,,,,,,,,
PRI-9360,PRI,9360,9360,"Center for the Evolutionary Origins of Human Behavior, Kyoto University",fuscata,female,Shiga,Koka-shi,,Koka,Koka,mainland,,,,,,,,
PRI-9363,PRI,9363,9363,"Center for the Evolutionary Origins of Human Behavior, Kyoto University",fuscata,female,Shiga,Koka-shi,,Koka,Koka,mainland,,,,,,,,
PRI-9365,PRI,9365,9365,"Center for the Evolutionary Origins of Human Behavior, Kyoto University",fuscata,female,Shiga,Koka-shi,,Koka,Koka,mainland,,,,,,,,
PRI-9369,PRI,9369,9369,"Center for the Evolutionary Origins of Human Behavior, Kyoto University",fuscata,female,Shiga,Koka-shi,,Koka,Koka,mainland,,,,,,,,
PRI-9380,PRI,9380,9380,"Center for the Evolutionary Origins of Human Behavior, Kyoto University",fuscata,female,Shiga,Koka-shi,,Koka,Koka,mainland,,,,,,,,
PRI-9381,PRI,9381,9381,"Center for the Evolutionary Origins of Human Behavior, Kyoto University",fuscata,female,Shiga,Koka-shi,,Koka,Koka,mainland,,,,,,,,
PRI-9382,PRI,9382,9382,"Center for the Evolutionary Origins of Human Behavior, Kyoto University",fuscata,female,Shiga,Koka-shi,,Koka,Koka,mainland,,,,,,,,
PRI-9383,PRI,9383,9383,"Center for the Evolutionary Origins of Human Behavior, Kyoto University",fuscata,female,Shiga,Koka-shi,,Koka,Koka,mainland,,,,,,,,
PRI-10928,PRI,10928,10928,"Center for the Evolutionary Origins of Human Behavior, Kyoto University",fuscata,male,Shiga,Koka-shi,,Koka,Koka,mainland,,,,,,,,
PRI-8658,PRI,8658,8658,"Center for the Evolutionary Origins of Human Behavior, Kyoto University",fuscata,male,Shiga,Koka-shi,,Koka,Koka,mainland,,,,,,,,
PRI-9328,PRI,9328,9328,"Center for the Evolutionary Origins of Human Behavior, Kyoto University",fuscata,male,Shiga,Koka-shi,,Koka,Koka,mainland,,,,,,,,
PRI-9332,PRI,9332,9332,"Center for the Evolutionary Origins of Human Behavior, Kyoto University",fuscata,male,Shiga,Koka-shi,,Koka,Koka,mainland,,,,,,,,
PRI-9340,PRI,9340,9340,"Center for the Evolutionary Origins of Human Behavior, Kyoto University",fuscata,male,Shiga,Koka-shi,,Koka,Koka,mainland,,,,,,,,
PRI-9361,PRI,9361,9361,"Center for the Evolutionary Origins of Human Behavior, Kyoto University",fuscata,male,Shiga,Koka-shi,,Koka,Koka,mainland,,,,,,,,
PRI-8666,PRI,8666,8666,"Center for the Evolutionary Origins of Human Behavior, Kyoto University",fuscata,female,Shiga,Maibara-shi,,Maibara,Maibara,mainland,,,,,,,,
PRI-9418,PRI,9418,9418,"Center for the Evolutionary Origins of Human Behavior, Kyoto University",fuscata,male,Shiga,,Ryozensan,Ryozensan,Ryozensan,mainland,Left fourth molar,,,,,,Right zygomatic arch,
PRI-5859,PRI,5859,5859,"Center for the Evolutionary Origins of Human Behavior, Kyoto University",fuscata,female,Shimane,Ochi-gun Onancho,Hasumi-mura,Hasumi,Hasumi,mainland,,,,,,,,
PRI-6142,PRI,6142,6142,"Center for the Evolutionary Origins of Human Behavior, Kyoto University",fuscata,female,Shimane,Ochi-gun Onancho,Hasumi-mura,Hasumi,Hasumi,mainland,,,,,,,,
PRI-5868,PRI,5868,5868,"Center for the Evolutionary Origins of Human Behavior, Kyoto University",fuscata,male,Shimane,Ochi-gun Onancho,Hasumi-mura,Hasumi,Hasumi,mainland,,,,,,,,
PRI-6162,PRI,6162,6162,"Center for the Evolutionary Origins of Human Behavior, Kyoto University",fuscata,male,Shimane,Ochi-gun Onancho,Hasumi-mura,Hasumi,Hasumi,mainland,,,,,,,,
PRI-5867,PRI,5867,5867,"Center for the Evolutionary Origins of Human Behavior, Kyoto University",fuscata,female,Shimane,Unnan-shi,Mitoya-cho,Unnan,Unnan,mainland,,,,,,,,
PRI-5866,PRI,5866,5866,"Center for the Evolutionary Origins of Human Behavior, Kyoto University",fuscata,male,Shimane,Unnan-shi,Yoshida-mura,Unnan,Unnan,mainland,,,,,,,,
TPM-M4010,TPM,M4010,M4010,Tochigi Prefectural Museum,fuscata,female,Tochigi,Nikko-shi,,Nikko,Nikko,mainland,,,,,,,,
TPM-M544,TPM,M544,M0544,Tochigi Prefectural Museum,fuscata,female,Tochigi,Nikko-shi,,Nikko,Nikko,mainland,,,,,,,,
TPM-M549,TPM,M549,M0549,Tochigi Prefectural Museum,fuscata,female,Tochigi,Imaichi-shi,,Nikko,Nikko,mainland,,,,,,,,
TPM-M600,TPM,M600,M0600,Tochigi Prefectural Museum,fuscata,female,Tochigi,Imaichi-shi,,Nikko,Nikko,mainland,,,,,,,,
TPM-M670,TPM,M670,M0670,Tochigi Prefectural Museum,fuscata,female,Tochigi,Kuriyama-mura,,Nikko,Nikko,mainland,,,,,,,,
TPM-M1656,TPM,M1656,M1656,Tochigi Prefectural Museum,fuscata,male,Tochigi,Kuriyama-mura,,Nikko,Nikko,mainland,,,,,,,Lower neurocranium,
TPM-M1889,TPM,M1889,M1889,Tochigi Prefectural Museum,fuscata,male,Tochigi,Nikko-shi,,Nikko,Nikko,mainland,,,,,,,,
TPM-M3958,TPM,M3958,M3958,Tochigi Prefectural Museum,fuscata,male,Tochigi,Nikko-shi,,Nikko,Nikko,mainland,,,,,Upper left part of frontal bone,,,
TPM-M529,TPM,M529,M0529,Tochigi Prefectural Museum,fuscata,male,Tochigi,Nikko-shi,,Nikko,Nikko,mainland,,,,,,,Neurocranium cracked,
TPM-M659,TPM,M659,M0659,Tochigi Prefectural Museum,fuscata,male,Tochigi,Nikko-shi,,Nikko,Nikko,mainland,,,,,,,,
SNC-H23-077,SNC,H23-077,H23-077,Shikoku Institute of Natural History,fuscata,male,Tokushima,Naka-gun,Naka-cho,Naka,Naka,mainland,,,,,,,,
SNC-H22-170,SNC,H22-170,H22-170,Shikoku Institute of Natural History,fuscata,male,Tokushima,Naruto-shi,,Naruto,Naruto,mainland,,,,,,,,
PRI-8644,PRI,8644,8644,"Center for the Evolutionary Origins of Human Behavior, Kyoto University",fuscata,male,Wakayama,Gobo-shi,Noguchi,Gobo,Noguchi,mainland,,,,,,,,
PRI-11109,PRI,11109,11109,"Center for the Evolutionary Origins of Human Behavior, Kyoto University",fuscata,female,Yamagata,Yamagata-shi,,Yamagata,Yamagata,mainland,,,,,,,,
PRI-11318,PRI,11318,11318,"Center for the Evolutionary Origins of Human Behavior, Kyoto University",fuscata,female,Yamagata,Yamagata-shi,,Yamagata,Yamagata,mainland,,,,,,,,
PRI-11320,PRI,11320,11320,"Center for the Evolutionary Origins of Human Behavior, Kyoto University",fuscata,female,Yamagata,Yamagata-shi,,Yamagata,Yamagata,mainland,,,,,,,,
PRI-11322,PRI,11322,11322,"Center for the Evolutionary Origins of Human Behavior, Kyoto University",fuscata,female,Yamagata,Yamagata-shi,,Yamagata,Yamagata,mainland,,,,,,,,
PRI-11328,PRI,11328,11328,"Center for the Evolutionary Origins of Human Behavior, Kyoto University",fuscata,female,Yamagata,Yamagata-shi,,Yamagata,Yamagata,mainland,,,,,,,,
PRI-11373,PRI,11373,11373,"Center for the Evolutionary Origins of Human Behavior, Kyoto University",fuscata,female,Yamagata,,,Yamagata,Yamagata,mainland,,,,,,,,
PRI-11376,PRI,11376,11376,"Center for the Evolutionary Origins of Human Behavior, Kyoto University",fuscata,male,Yamagata,,,Yamagata,Yamagata,mainland,,,,,,,,
PRI-11414,PRI,11414,11414,"Center for the Evolutionary Origins of Human Behavior, Kyoto University",fuscata,male,Yamagata,Yamagata-shi,,Yamagata,Yamagata,mainland,,,,,,,,
PRI-11415,PRI,11415,11415,"Center for the Evolutionary Origins of Human Behavior, Kyoto University",fuscata,male,Yamagata,Yamagata-shi,,Yamagata,Yamagata,mainland,,,,,,,,